INSERT INTO schedule(
	flight_number, aircraft_type, departure, destination,
	weekday_number, departure_time, flight_time, flight_cost
)
VALUES
(1, 'Boeing-747', 'LED', 'MUC', 1, '10:00:00', '01:30:00', 1500),
(2, 'Boeing-747', 'LED', 'AER', 7, '11:00:00', '02:30:00', 5000),
(3, 'Airbus-A320', 'AER', 'MUC', 3, '20:00:00', '02:00:00', 3500),
(4, 'Boeing-747', 'VKO', 'LED', 1, '19:00:00', '01:30:00', 1500),
(5, 'Boeing-747', 'VKO', 'MUC', 5, '10:00:00', '00:15:00', 500),
(6, 'Airbus-A320', 'VKO', 'KUF', 1, '00:00:00', '02:15:00', 3800),
(7, 'Airbus-A320', 'KUF', 'VOG', 6, '23:00:00', '01:00:00', 7000),
(8, 'Airbus-A320', 'VOG', 'MUC', 1, '10:00:00', '02:00:00', 10000),
(9, 'Bumble bee 2', 'SLK', 'LED', 3, '13:00:00', '01:00:00', 7000),
(10, 'Boeing-747', 'LED', 'AER', 2, '11:00:00', '02:30:00', 5000),
(11, 'Bumble bee 2', 'LED', 'SLK', 3, '15:00:00', '01:45:00', 6800),
(12, 'Bumble bee 2', 'LED', 'KUF', 3, '16:00:00', '01:40:00', 7800);

INSERT INTO available_tickets
(flight_number, departure_date, tickets_overall, tickets_available)
VALUES
(1, '2021-05-10', 526, 526),
(1, '2021-05-17', 526, 526),
(1, '2021-05-24', 526, 526),
(2, '2021-05-16', 526, 526),
(3, '2021-05-12', 180, 180),
(4, '2021-05-10', 526, 526),
(5, '2021-05-14', 526, 526),
(6, '2021-05-10', 180, 180),
(7, '2021-05-15', 180, 180),
(8, '2021-05-10', 180, 180),
(9, '2021-05-12', 1, 1),
(10, '2021-05-11', 624, 624);

INSERT INTO passengers
(passport, name, surname, patronymic, flight_number, departure_date)
VALUES
(1000454454, 'Власов', 'Илья', 'Максимович', 4, '2021-05-17'),
(1000454454, 'Власов', 'Илья', 'Максимович', 1, '2021-05-24'),
(5000454454, 'Дуров', 'Павел', ' ', 11, '2021-05-12'),
(1239454454, 'Уткин', 'Илья', 'Николаевич', 3, '2021-05-19'),
(1000454451, 'Порсев', 'Егор', 'Валерьевич', 8, '2021-05-10'),
(1000454452, 'Вильданов', 'Эмир', 'Флоридович', 10, '2021-05-11'),
(5000454454, 'Дуров', 'Павел', ' ', 6, '2021-05-10'),
(1239454454, 'Уткин', 'Илья', 'Николаевич', 2, '2021-05-16'),
(1239454454, 'Уткин', 'Илья', 'Николаевич', 3, '2021-05-19'),
(1000454454, 'Власов', 'Илья', 'Максимович', 6, '2021-05-17'),
(1000454454, 'Власов', 'Илья', 'Максимович', 7, '2021-05-22'),
(1000454454, 'Власов', 'Илья', 'Максимович', 8, '2021-05-24'),
(1000454454, 'Власов', 'Илья', 'Максимович', 5, '2021-05-21'),
(1000454454, 'Власов', 'Илья', 'Максимович', 5, '2021-05-28'),
(1000454454, 'Власов', 'Илья', 'Максимович', 5, '2021-06-04'),
(1000454454, 'Власов', 'Илья', 'Максимович', 5, '2021-06-11'),
(1000454454, 'Власов', 'Илья', 'Максимович', 5, '2021-06-18'),
(1000454454, 'Власов', 'Илья', 'Максимович', 5, '2021-06-25'),
(1000454454, 'Власов', 'Илья', 'Максимович', 5, '2021-07-02');

INSERT INTO archive
(flight_number, departure_date, tickets_overall, tickets_sold)
VALUES
(1, '2021-05-03', 526, 525),
(2, '2021-05-02', 526, 526),
(3, '2021-05-05', 180, 180),
(4, '2021-05-03', 526, 526),
(5, '2021-05-07', 526, 526),
(6, '2021-05-03', 180, 180),
(7, '2021-05-08', 180, 180),
(8, '2021-05-03', 180, 180),
(9, '2021-05-05', 1, 1),
(10, '2021-05-06', 624, 624);